up_20231003204701.jpg,692.5977,416.51767,-481.6239,714.22614,387.94897,-450.17194,726.2891,389.08292,-450.07697,739.0653,390.637,-449.9997,673.2799,387.453,-448.0519,659.60297,388.3392,-448.01196,648.70776,390.2043,-448.01727,757.21985,408.866,-220.68433,632.46027,411.3448,-219.0956,717.4487,457.6236,-393.20187,668.9575,458.32455,-391.85947,850.2087,600.671,-100.451706,539.37933,604.0747,-112.06931,924.24915,829.1191,-246.28445,453.56448,827.5621,-327.70206,765.3109,737.95935,-519.48474,632.85205,718.76953,-630.40515,730.4383,698.8489,-577.8647,674.5576,693.03796,-687.84247,720.51154,676.13794,-530.4382,679.9663,669.9292,-645.412,723.02783,684.6011,-501.08234,670.7826,676.60645,-615.75977,767.8977,1082.7852,9.130645,593.0831,1075.0027,-9.230675,768.5043,1367.6208,187.418,560.29785,1379.3666,170.25977,753.05835,1612.3367,561.61346,552.86743,1619.0197,514.66376,728.30255,1651.6077,584.4185,577.7029,1654.7589,538.0685,816.983,1719.1036,361.25244,520.2203,1724.3463,301.18756
up_202310032047011.jpg,622.77496,370.9985,-409.37546,641.8318,343.52045,-378.68314,653.0774,345.30066,-378.61783,664.0287,347.51642,-378.55496,602.2988,342.422,-378.72992,589.67505,342.9233,-378.6813,577.52295,344.3194,-378.66693,680.4528,367.89264,-171.00539,560.5677,367.90936,-179.21881,645.0439,406.32483,-330.4497,597.43494,407.37775,-331.92172,766.3144,543.2616,-52.574867,472.821,561.392,-69.418785,842.7817,749.42596,-176.9886,380.9037,775.53107,-207.8552,682.13025,654.1375,-422.58115,549.1176,675.60376,-428.7301,647.4706,621.0895,-466.6611,591.8572,637.5251,-468.58554,643.4038,597.9524,-409.1718,594.5716,616.4003,-423.21094,650.5057,606.7961,-399.04633,585.6756,626.5977,-409.8135,693.20306,994.18353,12.256496,534.12225,991.82574,-12.650899,701.8594,1285.3162,165.86774,508.43533,1281.4246,134.24503,697.295,1506.1248,469.8953,502.9724,1516.8461,406.65317,670.6278,1538.3715,487.12903,536.83014,1545.3348,423.04153,772.57874,1622.8927,292.25934,451.1949,1642.7319,212.71056
up_20231003204702.jpg,560.0592,270.42218,-454.8391,586.85254,235.56163,-487.73108,600.1885,236.76843,-487.95013,615.7731,237.93163,-488.17474,567.1604,234.05379,-419.4141,564.2058,234.08627,-419.325,561.2687,233.73262,-419.42438,660.477,256.8223,-477.6073,595.1577,249.62296,-164.60497,580.7394,306.43726,-439.91034,559.85223,305.71255,-350.22107,751.07306,450.2876,-485.8932,546.4117,466.19162,128.55396,731.9414,678.9988,-439.20026,452.5259,688.0089,-93.17224,540.2121,595.1016,-250.81511,442.69562,560.19025,-757.7478,507.29602,562.651,-252.32394,428.04874,515.0096,-853.9655,513.96533,531.59607,-248.69565,428.97455,484.99734,-835.85443,522.4893,542.2595,-230.5314,440.74063,497.90698,-773.0946,651.4857,897.4946,-161.4841,537.5581,884.31964,161.1949,680.01654,1207.7843,-106.57466,558.94727,1166.3397,416.17358,690.2638,1469.1146,239.8831,567.6126,1384.9172,885.5384,693.6693,1504.098,253.30711,603.0437,1425.1683,918.2777,651.6967,1597.9264,-43.54691,451.29437,1458.8895,752.9688
up_202310032047021.jpg,668.31836,406.93915,-647.11847,691.1902,379.65286,-625.53827,704.25415,379.32513,-625.65094,715.3027,379.92712,-625.776,657.78125,381.44,-598.7934,649.5115,382.24478,-598.7534,642.69116,383.33316,-598.8022,736.81085,397.40204,-413.0637,645.4975,399.57098,-288.80444,693.1223,439.80887,-562.3381,656.84174,440.3028,-527.4302,827.88324,575.73175,-339.2741,585.39624,576.73456,-30.100464,834.4943,788.7736,-506.83435,500.10535,762.1577,-275.18494,656.1671,704.57056,-795.6832,544.51227,690.83655,-864.56116,618.56134,673.63324,-871.5036,555.8619,664.2733,-966.64636,618.7086,651.4935,-866.2925,560.89056,639.49884,-953.47626,627.3517,661.5327,-792.25885,563.9866,647.6754,-874.22174,729.74915,985.0111,-106.91295,602.22705,983.5416,106.70739,751.9033,1268.7074,-128.99193,590.9132,1249.045,390.27005,751.0322,1533.5894,209.2215,589.5159,1467.8865,931.943,738.41455,1556.9296,221.84563,620.8107,1513.4845,971.2123,745.76514,1641.2343,-116.41407,487.079,1544.2181,732.9556
up_202310032047022.jpg,570.5048,447.12808,-553.9115,588.39197,418.16083,-538.3191,602.156,418.5726,-538.3216,614.88574,419.28348,-538.306,557.1522,418.87225,-512.06995,547.9265,419.41165,-512.02905,541.20294,420.78305,-512.09424,640.7191,435.2713,-359.94998,542.74115,439.1083,-239.38248,597.0687,481.71616,-481.16095,559.1473,484.9891,-446.47992,749.3122,613.0975,-256.77252,482.64612,621.80035,-63.04989,790.98846,817.6631,-407.5311,374.46716,811.1929,-276.3577,605.51373,735.0931,-594.3551,484.2716,730.02905,-678.3246,556.515,701.8821,-641.52246,513.75,695.7276,-740.23425,559.4931,680.7595,-592.74695,514.53925,676.66547,-701.6896,568.9361,689.4129,-569.196,513.895,686.57385,-668.6578,653.554,1035.5905,-59.735817,509.26895,1030.2709,59.675865,680.0217,1321.1045,31.847809,493.81128,1310.7148,328.002,684.1399,1564.257,334.39972,496.35468,1538.1713,759.08014,648.55383,1592.8464,348.20758,527.2391,1575.0204,792.992,725.8233,1691.0398,104.82835,407.83646,1633.8453,598.66833
up_202310032047023.jpg,636.53577,358.9672,-454.24405,664.53455,328.7277,-428.65512,679.17816,330.56006,-428.65494,690.77356,332.6313,-428.59756,619.3257,326.98917,-419.0738,606.3143,327.8137,-419.08978,595.85205,329.2009,-419.12012,711.74915,348.77927,-230.82272,587.81445,350.74905,-193.6177,667.65186,397.9165,-377.72842,612.8834,397.8761,-366.47586,810.22156,549.3295,-117.580635,502.24948,553.07184,-53.976883,880.9665,779.88184,-218.94905,400.80032,772.8137,-199.26389,698.20746,688.1214,-396.52695,559.8885,675.75867,-454.81674,659.2965,649.345,-428.20255,606.20917,635.7229,-484.89014,660.5658,626.01196,-365.77023,607.77527,613.46704,-437.9594,668.4225,636.31934,-366.93573,600.87775,621.48334,-436.80243,712.26636,1023.9118,-13.7302475,541.1932,1013.7529,13.578983,729.37384,1323.6891,147.06624,519.5945,1309.167,205.48486,725.5866,1555.5454,496.46054,512.35156,1549.2736,545.73065,693.0899,1589.515,516.8725,548.4122,1585.7158,569.7096,788.0694,1684.4877,317.94702,440.01694,1684.3286,368.86798
up_20231003204703.jpg,561.04663,364.6319,-83.12152,575.73517,332.7499,-169.9794,578.64954,332.51166,-170.02979,581.83545,332.29517,-170.1137,576.2258,332.2466,-90.219284,579.6161,331.53903,-90.26406,583.8806,330.59744,-90.32345,616.0566,343.81458,-401.66565,625.4606,342.11322,-50.29149,576.0154,394.66333,-152.73766,576.34406,395.11334,-50.91722,593.2196,536.22784,-556.7751,729.7565,534.0393,181.20085,458.8692,759.105,-342.35303,613.8435,718.67126,396.70465,474.29977,640.29584,209.01169,512.82385,641.7528,542.10394,454.80225,592.4167,228.23062,490.35944,599.6559,564.8174,480.66803,574.67035,213.08679,492.7203,590.16315,554.74316,494.96536,592.3246,220.89449,510.49988,600.42395,536.92114,591.3236,986.1118,-236.63362,679.3014,980.5119,236.65947,609.6105,1290.1177,5.880417,707.9721,1242.706,564.6842,633.59906,1555.2947,151.3722,706.2322,1477.5863,858.2738,673.4491,1605.247,160.26503,726.0888,1540.4705,885.7513,515.6478,1626.5187,66.663025,604.47974,1512.9003,893.4946
up_202310032047031.jpg,498.89032,315.40073,-230.46463,520.717,280.7999,-299.63544,527.04596,281.1813,-299.80838,534.1895,281.52664,-300.05048,514.5918,280.5622,-209.71779,516.2059,280.45203,-209.73978,518.20685,279.9913,-209.78629,578.9714,298.7536,-438.32257,561.5887,294.95837,-43.68217,515.1688,349.10324,-268.6275,506.7117,349.23526,-154.61668,606.1132,484.3139,-591.9404,604.51917,489.35788,264.31705,501.6676,723.51294,-391.18698,534.83234,732.4711,104.28844,425.71375,640.59485,144.02423,446.77975,654.3473,-360.84866,392.44604,593.7237,160.84825,423.01666,598.54517,-415.8415,411.16656,563.6562,145.03763,425.28305,576.1209,-415.41348,424.57086,574.1042,158.80109,438.3394,596.0267,-380.3145,607.4901,969.9041,-242.61847,589.8716,964.40826,242.28888,631.4731,1283.4174,20.458204,628.2636,1247.8326,507.8512,642.3716,1539.7136,299.16568,669.9279,1472.2301,844.2791,680.4705,1588.1788,317.15192,706.10406,1514.0547,870.7812,526.4867,1654.5911,154.49652,566.8183,1545.3324,813.39386
up_202310032047032.jpg,539.3163,321.61087,-281.34662,559.0426,290.76508,-349.22824,566.2376,291.14615,-349.33618,574.68146,291.46664,-349.48938,551.6236,287.9391,-254.37721,552.766,286.2811,-254.41405,554.43286,284.72684,-254.47356,624.83984,307.75418,-484.16602,601.792,299.97708,-63.99759,558.9007,361.1881,-319.91733,549.6152,360.4067,-198.64717,688.39777,490.69006,-635.0494,604.30914,496.95135,247.34805,584.52216,743.93823,-418.12463,560.15405,721.67816,102.2902,460.81693,638.64075,120.897354,446.76782,619.376,-394.99756,426.7654,601.4823,140.1481,421.77487,582.6383,-457.49512,434.36722,578.39557,121.89761,422.58295,569.434,-465.74863,451.58392,590.92883,135.65234,435.00513,580.448,-419.82425,656.3635,968.8449,-256.77924,594.5995,948.22046,256.56888,670.38116,1280.8671,-65.3341,620.167,1224.975,651.6061,685.8123,1550.2397,133.02039,663.24066,1443.9025,1116.1621,721.242,1592.5387,139.46106,695.9716,1494.7028,1153.8442,580.98267,1667.2522,-93.02922,560.4995,1492.6431,1099.3423
up_202310032047033.jpg,544.7713,296.67972,-283.49838,567.67145,262.88803,-348.37335,578.886,263.25696,-348.5053,591.3247,263.51077,-348.65433,552.8422,262.33102,-260.1172,550.93286,262.195,-260.05432,549.13354,261.78415,-259.99756,641.3312,281.61826,-450.28278,586.601,275.65558,-56.582073,566.16766,332.43277,-307.78888,548.60724,330.75397,-194.34946,723.135,459.48718,-582.83435,587.8008,480.10135,264.81464,646.98706,705.3817,-401.05713,549.95685,690.3961,65.06701,463.93875,630.76556,126.92809,471.44147,619.7859,-513.59753,427.4867,597.1631,163.8662,435.7042,571.5517,-588.78345,434.02185,570.88873,148.54727,438.9653,554.43634,-584.82654,450.78033,580.55896,148.85846,457.99802,567.8488,-537.50586,670.9889,954.0819,-226.238,584.5006,944.0015,226.08827,683.46594,1264.2479,-57.44492,609.1569,1208.7737,553.64246,695.76733,1539.1399,148.08104,631.70215,1407.1582,938.32733,720.03326,1577.3529,152.41106,667.4329,1458.7346,965.38324,608.5074,1670.447,-85.594185,492.5227,1471.0714,904.85754
up_20231003204704.jpg,615.9199,439.77612,226.0808,601.4147,414.3076,129.19812,593.12494,414.83704,129.09233,584.77655,415.84512,128.99586,625.1386,415.58664,142.8216,633.75525,416.52728,142.92041,643.21423,417.5147,142.71371,574.43823,435.41086,-153.0012,656.62085,431.30963,-93.47442,607.208,469.6052,146.08716,631.9866,469.41592,163.44257,480.00504,604.2053,-246.32794,746.7697,610.91223,-137.24283,411.7893,766.8559,18.818977,831.83075,790.1302,142.85669,515.40076,782.71875,508.79004,765.6299,751.6576,646.7012,536.1506,809.7882,571.8906,755.1596,775.9714,726.1874,552.69446,769.8157,557.43396,742.81525,754.5684,728.84796,547.04266,767.69763,519.46295,737.6984,752.70105,662.3141,557.6229,1031.9934,-23.857552,696.339,1022.16895,23.600895,544.9657,1313.4198,139.68521,713.9706,1308.9839,229.54369,532.64795,1580.7438,263.812,734.335,1586.4286,290.57196,535.85474,1635.3926,278.10635,729.29395,1641.609,297.16583,500.86865,1561.2513,308.30853,748.61115,1576.5021,312.78995
up_202310032047041.jpg,621.7625,421.0208,130.71301,613.15875,396.65723,37.774857,606.89966,397.13412,37.722557,599.51086,398.06668,37.62877,628.8866,397.2221,51.421455,634.03735,397.79987,51.58146,640.12573,398.81006,51.50681,583.03656,418.5174,-219.69159,655.64606,414.6842,-159.03073,613.75494,450.51157,60.62014,631.43866,450.06287,77.775444,489.20844,583.57587,-302.39728,747.2772,592.99866,-122.69241,415.98132,751.8033,-59.386257,800.60394,754.0689,156.49614,478.69937,640.4199,381.559,739.4599,642.4503,614.79596,496.67847,607.3207,426.60214,712.3498,616.0499,689.8206,505.22302,597.7317,432.32733,704.1001,608.0002,694.0956,506.12482,613.8295,399.70947,708.0203,621.3134,631.66614,555.2292,975.84973,-49.17272,686.4838,973.8225,49.042847,543.8402,1244.738,149.33926,717.5692,1238.5056,306.09814,534.6584,1504.8116,341.97018,737.2049,1495.8975,382.4341,537.23895,1549.5453,365.41418,731.8801,1540.341,393.589,498.53195,1497.7178,401.20364,738.55176,1483.6414,420.17908
up_202310032047042.jpg,530.3589,324.49722,26.3321,529.9721,296.56223,-63.49333,528.11273,297.52014,-63.63839,525.30725,298.72018,-63.80284,534.9148,295.10648,-39.75586,536.79584,294.95914,-39.625694,538.1449,294.84952,-39.63136,527.4641,317.17026,-286.54105,551.5419,311.993,-184.33153,528.717,354.96225,-30.554487,534.5134,352.41385,-0.6570103,427.33398,505.05212,-370.89355,698.07874,519.02936,-113.84872,341.27243,691.964,-130.2954,728.09644,691.90247,224.16739,407.76492,598.8176,302.71915,653.5316,657.50867,707.0782,421.9458,593.0769,338.41296,640.5236,655.8338,770.85645,458.01935,567.98267,324.3606,624.01025,634.07434,776.4875,462.24472,578.38904,311.07632,621.0241,636.40405,721.22833,486.65863,937.6019,-107.77971,621.31775,930.2531,107.83133,504.0413,1225.7313,129.20857,666.9575,1203.1576,434.34424,517.09576,1512.7029,276.93234,689.3139,1437.7195,643.277,540.0316,1569.5967,293.55554,677.93,1489.9603,666.4906,420.72296,1512.8765,292.2834,656.35675,1454.2887,709.937
up_202310032047043.jpg,516.2644,361.12613,56.425964,528.783,330.71936,-42.136856,531.28546,330.5527,-42.308422,533.69885,330.76074,-42.502132,532.6638,330.50836,19.48999,537.85046,330.09918,19.524815,543.82605,329.89255,19.400576,566.4359,344.89996,-320.09625,590.28,343.79636,-51.64188,536.0131,394.0092,-26.44201,541.86224,396.06094,51.93332,509.2725,532.87213,-445.47565,742.27136,539.4028,39.52147,390.43835,729.97955,-229.90735,716.4536,721.4869,330.46472,425.36575,688.1623,200.24294,617.10864,740.16034,647.6809,420.64548,681.6251,220.37018,600.28394,742.4665,690.71747,453.21854,652.9725,192.2577,588.1898,729.6087,673.21075,456.85272,655.626,202.75763,588.0482,728.7828,645.9829,546.028,976.5168,-158.23663,665.3667,958.9244,158.03516,563.0332,1280.3296,48.038517,690.5529,1229.8925,412.24646,578.19684,1552.6411,151.71278,697.1331,1476.3109,581.2645,605.5287,1600.9305,163.05946,692.05945,1531.3579,599.82306,464.22717,1581.8854,125.5421,601.46594,1507.8461,620.279
up_20231003204705.jpg,624.3544,242.74852,-295.08997,608.45,204.99106,-265.08597,607.08386,203.64275,-265.07138,605.2382,202.62904,-265.04016,601.1428,205.90434,-356.37238,594.7744,205.41315,-356.4486,587.1904,205.62303,-356.50327,560.68085,218.80005,-58.31097,542.5753,224.41542,-467.77798,614.7284,277.77695,-207.35191,606.0242,278.8257,-325.33237,536.01904,428.27258,245.4491,508.6572,439.20465,-594.74695,634.07434,646.26,100.17404,641.5472,680.08716,-436.8742,712.92175,586.4743,-447.7789,694.23206,616.5241,25.544521,743.7726,546.4563,-521.07776,736.50397,567.62445,28.747604,733.0213,522.3381,-513.845,713.4683,539.71674,-0.84375745,713.1617,544.6888,-467.8636,697.40393,554.7298,31.114708,576.1408,872.7293,239.663,551.5276,881.38074,-240.07225,562.4724,1175.0874,528.8058,552.9064,1190.0256,15.73542,520.8405,1425.7927,809.64246,543.4147,1473.9716,306.8227,494.87708,1479.6433,828.4778,514.18616,1530.5261,327.06607,624.06055,1517.5009,715.6195,677.4219,1574.4125,135.94374
up_202310032047051.jpg,643.6785,350.88446,-160.99081,625.9592,312.08035,-153.27803,623.2354,311.13742,-153.32619,620.12994,310.31403,-153.3782,622.90594,313.31207,-234.09889,618.5479,313.2301,-234.12477,613.48456,313.1672,-234.0654,580.9736,323.44583,-55.39486,578.5159,326.7381,-416.04263,635.03424,383.51138,-109.1426,630.65356,384.12042,-212.54675,474.96014,517.16345,128.06557,587.33887,531.4868,-512.44196,556.51697,730.60767,312.61407,726.24084,773.4443,-311.58984,645.7507,667.6571,344.5358,721.4224,679.76324,216.45499,658.79504,644.6328,367.63556,735.7261,620.8245,251.85846,681.9702,621.7283,367.7268,723.00366,602.05743,243.25728,677.53284,630.23987,342.70776,713.83777,632.4574,229.09741,534.46375,982.4225,190.49742,599.87854,987.78204,-190.88318,527.87305,1277.515,491.42523,588.7702,1302.3811,93.47511,512.8151,1528.6863,740.4058,584.79285,1582.6188,370.46738,494.2236,1576.0695,762.9037,562.14044,1628.3379,397.03036,613.38965,1548.264,754.48553,717.3205,1649.6987,325.55008
up_202310032047052.jpg,582.7973,491.71616,50.544624,573.7855,467.1506,4.7508626,570.6475,467.41876,4.759974,567.2763,467.43256,4.746525,576.95624,465.04233,-30.71065,576.2351,464.12473,-30.706905,575.44196,463.20395,-30.737682,543.4199,475.41043,-107.94391,560.1165,473.86066,-264.08984,576.3331,516.8197,26.431334,580.2276,514.57,-18.221897,410.97778,639.9292,-70.37745,587.9809,632.64197,-351.4021,434.27914,795.39856,182.92427,675.5171,814.73267,-167.69214,506.4892,749.9171,557.4399,661.6049,749.8432,286.50916,515.75366,741.2945,609.5162,665.4629,726.99426,340.9949,531.4948,725.34015,616.4697,638.07837,706.86005,329.2779,533.3977,730.0219,569.09796,632.2644,716.12775,295.87466,511.0124,1040.1703,117.21283,585.7775,1042.0378,-117.08108,493.9707,1314.9749,318.70413,604.4522,1337.8918,106.087234,477.90564,1548.2913,473.66125,607.42773,1600.566,268.9167,482.8543,1604.2709,486.93652,580.64465,1652.9137,283.37744,547.5467,1564.4874,463.1839,715.8575,1622.6935,232.06836
up_202310032047053.jpg,573.22504,396.3291,91.296814,559.19824,371.05972,26.861647,554.02057,371.38803,26.841496,548.8356,372.11816,26.755592,571.50476,371.1043,10.817271,575.20703,371.0065,10.946387,579.2594,370.90247,10.916073,533.3434,390.9406,-143.50224,573.34766,384.58585,-214.33551,565.18713,425.68243,49.0357,577.3738,422.19977,29.503162,414.15668,573.17163,-128.736,677.89136,579.90564,-297.0058,385.13922,750.3383,107.87152,756.4795,753.1792,-56.273537,493.57715,721.6026,499.56924,701.36383,724.4947,406.93723,506.55576,743.75,550.52344,695.4529,725.1056,467.96384,529.4677,724.7197,550.6739,668.6233,690.6563,462.24597,527.4073,724.89417,510.64185,665.9833,690.5364,419.51105,508.41827,975.1677,69.25922,628.8024,974.0376,-69.26745,488.48022,1260.8958,295.41193,654.5776,1260.2979,189.4699,488.1169,1506.8014,457.80258,676.12787,1526.3842,343.50482,481.89258,1551.7108,475.5053,657.3376,1580.7709,359.43985,503.98865,1486.7097,497.3669,730.2395,1529.8125,349.2083
up_20231003204706.jpg,692.84393,528.9205,-437.83588,684.95447,500.94128,-401.88727,685.50464,500.29364,-401.85196,685.67773,499.71063,-401.67874,672.86694,500.95374,-473.93936,665.28204,500.4173,-474.00555,655.6936,500.1499,-474.07672,658.0887,508.06348,-162.49184,613.81494,512.3679,-485.72186,687.51715,555.8989,-340.59415,676.0493,556.40405,-433.8424,686.6653,674.49567,115.995285,520.1234,675.7875,-526.85266,728.41565,842.5656,-80.186424,535.37317,871.49426,-505.21603,772.3351,780.6743,-774.6858,699.0205,800.5642,-371.5947,793.1811,754.15094,-892.4707,740.5828,774.5528,-414.5113,790.1039,728.0012,-897.9538,736.48865,749.7363,-409.17737,779.25256,732.42285,-801.82947,725.3025,754.7832,-355.8951,688.2525,1040.4203,209.54475,592.55286,1045.0586,-209.84088,662.0718,1266.8418,769.0166,559.6703,1305.5876,-4.7901525,632.2729,1442.7162,1364.323,555.0863,1534.1244,262.3878,607.59247,1471.1376,1414.4799,542.8933,1562.4432,276.48068,742.6986,1495.082,1273.4194,616.6108,1655.1089,10.392221
up_202310032047061.jpg,673.7906,468.3252,-338.77325,661.80304,437.71027,-307.91223,661.9141,437.16644,-307.89026,661.7276,436.6236,-307.79657,650.75653,437.64804,-386.07114,642.87476,437.06793,-386.10995,632.447,436.41046,-386.18146,628.42065,446.45654,-90.93608,585.98395,450.71753,-439.69467,670.14764,496.31198,-249.04578,657.07916,495.84348,-349.71622,654.16077,610.128,171.79657,512.2098,617.5025,-508.94974,708.2433,784.2108,-33.170033,550.56055,832.3735,-453.33295,759.6502,719.0583,-706.59845,703.9074,745.7525,-226.20314,780.7976,681.35364,-820.923,736.43726,707.6502,-248.88846,773.29095,663.3122,-810.6369,729.97186,689.27203,-259.53064,760.782,673.659,-728.0443,718.77356,696.2327,-214.53128,665.2959,990.13617,203.60161,581.32764,997.7947,-203.96475,638.5872,1237.6863,711.70807,550.69305,1274.1089,-55.970272,605.17096,1417.0769,1245.6122,537.1148,1524.7511,126.57859,574.67816,1470.7699,1290.9633,521.15607,1555.5425,133.31068,708.2494,1465.4784,1161.4812,614.63293,1635.7092,-125.11293
up_202310032047062.jpg,694.73846,389.5868,-392.03192,682.9937,360.40506,-367.1069,682.49243,359.52402,-367.00323,681.67773,358.83063,-366.86005,672.29974,360.43472,-437.9991,665.13824,359.79837,-438.06485,656.5571,359.42178,-437.9704,646.6144,368.89407,-167.57516,610.24365,373.53894,-488.46417,684.422,421.80005,-309.81107,673.7314,422.18372,-402.16016,647.87854,554.5892,65.517555,534.25726,562.94336,-532.52954,713.24695,736.82086,-39.793648,604.4172,786.19995,-452.79727,740.92126,680.7341,-580.6382,766.90247,677.9767,-213.85211,769.389,640.4664,-668.58575,804.8915,646.4075,-231.31143,778.89685,615.60547,-661.36304,789.26416,621.30743,-248.0995,751.89484,633.1718,-597.66473,773.6938,630.506,-207.36166,664.7661,967.61273,169.3634,591.3994,980.7768,-169.49829,641.67535,1204.1187,651.36,568.7995,1241.5636,37.154804,600.20465,1402.2706,1083.467,556.7804,1511.5901,249.61876,572.09076,1438.8995,1120.6713,542.21313,1556.081,261.0222,717.47363,1433.72,1019.3126,661.59314,1625.9761,34.064415
up_202310032047063.jpg,664.263,380.49222,-321.3998,651.7284,350.81937,-291.5457,650.9634,350.08182,-291.5523,650.1599,349.34128,-291.5203,642.60284,351.32797,-379.49884,636.28436,350.99088,-379.55472,628.6762,350.3733,-379.57776,614.0227,359.1817,-85.29481,579.9722,363.29224,-478.44873,654.7213,412.1955,-233.96925,644.41907,412.79807,-347.3906,605.69525,549.47046,199.92258,533.9098,555.04584,-571.21216,659.4877,738.9413,50.816616,601.0817,798.0267,-453.0822,742.4612,645.01544,-525.8207,736.5821,674.9542,-86.72852,779.5563,609.4396,-613.7714,772.3304,633.425,-96.71501,767.9077,596.5364,-609.3785,761.6596,610.359,-117.43194,752.749,608.815,-547.66583,746.4778,623.10126,-79.275,629.48376,978.42175,223.63495,581.2735,983.9297,-223.93701,611.35175,1257.9072,594.5911,583.28735,1283.3228,-18.725155,564.8376,1492.5067,984.4663,562.9259,1577.9077,225.88014,529.2875,1561.1293,1013.97375,536.5113,1617.735,240.02759,667.1743,1526.3062,893.8899,681.1956,1666.0016,20.851406
up_20231003204707.jpg,535.0892,460.995,-533.30865,535.3277,434.79977,-497.2544,539.7275,434.4094,-497.15674,543.72705,434.0075,-497.00568,516.39276,434.2305,-549.0436,505.41318,433.735,-549.1492,492.61792,433.60635,-549.2411,526.85956,442.52,-248.52588,453.22525,447.2265,-481.5662,536.49384,489.2168,-434.15076,517.0368,490.57306,-501.43835,586.4743,609.07697,-16.377785,361.22726,612.2702,-446.78455,656.45935,782.6679,-216.52844,355.6943,801.98865,-468.41672,613.5064,695.43036,-815.3547,526.6961,710.15424,-422.9223,607.5607,659.89136,-921.7664,558.2912,677.4514,-457.76736,601.13153,642.91254,-897.83417,555.3796,657.2868,-454.18286,595.8924,654.27936,-824.237,546.5128,666.41766,-409.91895,563.0886,977.3438,121.77708,441.81427,984.3062,-122.067276,549.56604,1221.2115,483.9401,407.39212,1252.4093,-15.037222,546.0216,1410.9291,1043.1764,401.42636,1489.4281,264.54327,517.7703,1451.8505,1088.3347,399.05286,1514.8326,278.253,647.2669,1478.8468,891.09686,418.5514,1598.7834,-14.420393
up_202310032047071.jpg,613.3971,474.30032,-551.6354,613.09436,449.15192,-504.03064,617.32367,448.635,-503.89948,621.1251,448.04623,-503.7116,594.46796,448.62228,-567.5251,582.7355,447.82858,-567.6083,569.61475,447.23444,-567.7477,604.73694,455.75568,-201.82433,528.0241,457.27097,-485.92892,613.31494,500.81473,-433.1296,593.0396,504.02515,-515.1787,656.52094,629.53973,103.115616,439.13266,625.9516,-489.97495,704.7852,819.572,-135.01085,457.78632,834.53033,-424.2248,699.923,731.43066,-861.5581,628.5985,747.46497,-216.35202,714.06665,691.97217,-987.20123,666.2739,716.79816,-234.10965,706.0629,663.97626,-966.5655,658.18994,688.2606,-243.86618,695.1781,672.98083,-878.8278,647.82745,696.9577,-202.2275,628.09375,1015.742,188.67044,513.67737,1018.65027,-189.17502,603.2064,1261.0331,672.3611,482.39038,1289.7432,-79.75333,575.36676,1458.6522,1293.7073,453.6472,1548.8492,162.20248,549.3778,1497.3071,1345.374,445.30453,1570.1141,171.07068,690.6138,1531.5642,1160.1631,504.36072,1659.1235,-147.33759
up_202310032047072.jpg,691.152,469.41266,-498.015,684.9346,444.70782,-461.61475,686.86646,444.1954,-461.51337,688.6517,443.41553,-461.35547,671.8759,444.61813,-528.0924,662.974,443.94986,-528.1976,652.9831,443.43643,-528.322,666.3817,450.175,-215.47462,615.6957,453.25543,-514.053,689.1874,495.75766,-398.68774,674.41187,496.30066,-485.1136,710.57043,611.64417,56.630737,527.8273,618.634,-531.0006,735.8767,790.0644,-159.07124,538.5161,802.6899,-479.01184,762.341,718.9258,-863.5742,698.3412,733.82434,-310.23398,786.7739,689.70874,-974.16046,739.9398,712.57007,-338.2373,783.6236,665.925,-971.891,735.1124,686.632,-330.0278,771.69196,670.23987,-887.80237,722.4419,693.70605,-291.6457,704.95575,966.168,178.94794,601.9602,967.76166,-179.451,681.9464,1194.0402,628.499,579.06195,1221.2489,15.599035,668.55945,1361.6703,1198.9772,571.0995,1439.0967,358.99936,645.65094,1394.1461,1245.9069,563.7411,1461.6761,381.5102,762.87744,1421.9368,1086.6277,616.15533,1543.448,127.85434
up_20231003204708.jpg,612.11456,509.65414,-539.6917,627.32806,486.57025,-505.38806,635.64526,486.99542,-505.42908,644.00195,487.47446,-505.48932,594.75085,485.84976,-503.04044,583.3544,486.12952,-503.09827,573.4403,486.78116,-503.1398,656.2631,500.60983,-266.90332,562.5017,499.02582,-257.2527,629.708,538.2624,-446.2865,592.28296,539.4638,-444.25952,726.94385,650.59937,-119.514046,487.8029,656.8658,-131.35966,793.14703,828.29425,-344.11737,419.60883,827.97095,-377.34198,668.924,740.95996,-712.26733,555.51874,727.7864,-738.21704,640.23083,702.2781,-777.36975,587.7264,696.96173,-807.55896,633.3096,684.2223,-740.7333,589.9619,682.42395,-765.9761,637.56335,694.7805,-701.5913,582.8522,690.0095,-725.81213,670.82336,1013.214,9.111535,539.30225,1011.89636,-9.366466,673.68274,1270.5303,42.2969,529.94666,1279.5596,46.796997,665.0638,1490.6873,539.8363,529.2302,1493.7397,468.96594,642.80457,1520.0472,575.8325,555.3832,1522.817,497.6524,731.51276,1575.6255,329.71185,491.3153,1593.7864,230.62839
up_202310032047081.jpg,712.012,436.20953,-516.32715,720.3907,407.46188,-479.64127,728.1841,408.2293,-479.56152,736.70746,409.18365,-479.46344,689.6167,402.91797,-491.4109,675.0595,401.13245,-491.44608,662.7501,400.23926,-491.3991,739.03925,421.14835,-231.55641,637.9988,415.09424,-288.54285,719.4465,467.5135,-420.14053,686.4527,466.65707,-436.30072,801.96497,591.92804,-50.3107,543.0861,601.1711,-191.02582,895.0879,787.67633,-197.96318,497.33676,809.8616,-330.24936,765.9116,688.01495,-534.0142,672.31824,705.5439,-510.73032,745.6752,656.7354,-595.5205,708.0518,669.83344,-553.67487,742.876,639.1886,-542.2863,704.5155,649.4148,-519.21216,742.0497,648.57556,-516.24426,695.6634,659.07404,-492.90955,751.26166,994.3199,49.193325,607.5279,1000.1859,-49.3746,734.26447,1271.348,297.3988,563.80945,1296.4691,-0.014454698,720.6809,1486.3866,813.33716,539.2286,1550.2188,249.02907,686.75574,1520.2582,854.6527,552.6726,1571.871,260.16168,820.418,1577.7994,657.4376,524.7439,1668.6556,-28.8427
