down_20231003204252.jpg,653.65594,728.6274,-266.99927,682.6029,674.9587,-254.37888,704.03735,672.465,-254.40811,719.8514,670.084,-254.71362,620.6403,678.59125,-238.13849,605.1331,679.3397,-238.07631,590.59515,680.7703,-238.19424,756.0682,667.28094,-111.80179,570.8644,685.9474,-23.936388,697.6577,767.58246,-210.29105,629.95416,774.01404,-186.2039,897.37354,830.3895,-18.243467,487.8399,829.93945,49.01575,1035.7617,1153.2445,-68.66344,298.93927,1115.3555,-65.48538,720.4548,1026.5311,34.68019,582.7711,1013.40894,-55.809864,655.1275,954.93365,65.390755,638.65344,945.3309,-37.270542,664.8068,904.63837,153.29025,637.69824,902.61035,56.281033,672.3188,926.85187,85.39863,633.45984,925.6177,-7.9817276,786.8206,1174.715,-4.91302,590.54974,1172.4111,5.1107244,1012.3438,1102.089,-295.94275,373.18787,1069.088,-262.23477,887.8329,1362.1556,-251.72104,496.8193,1350.0198,-150.526,828.3438,1393.9695,-259.30768,538.91315,1392.7858,-151.45018,989.3495,1516.842,-453.0383,369.67816,1491.6929,-314.27383
down_20231003204652.jpg,459.28287,692.14905,-491.6542,479.27945,632.1157,-509.5206,503.2109,626.84064,-509.47006,525.63074,621.4855,-509.6678,428.0225,645.15424,-476.31677,413.5884,649.10187,-476.2658,400.88974,653.55774,-476.41983,569.6601,617.28894,-424.55133,401.91992,659.5795,-268.5951,514.70306,722.2554,-448.3243,453.11658,743.16705,-403.65576,739.536,788.9817,-333.46622,366.79004,785.8207,-129.35078,819.64996,1114.54,-445.33734,101.455765,1056.019,-293.7928,467.18356,989.5043,-570.9307,261.9076,936.6596,-471.07465,381.5664,964.54535,-595.76227,318.98297,933.73944,-469.65027,375.64642,948.9446,-524.28253,362.8553,850.8878,-411.23935,404.67395,920.60406,-533.8537,352.73865,869.3586,-446.07214,646.15125,1155.045,-20.893883,472.66638,1149.7241,20.921513,869.11346,1122.6659,-396.65845,225.23257,1019.7239,-154.77098,753.0205,1348.9479,-181.36826,361.7113,1302.1208,-45.31948,698.3109,1386.3618,-168.60825,406.95615,1355.4043,-44.60644,831.1923,1515.1976,-333.31207,219.31805,1441.1044,-179.73157
down_202310032046521.jpg,539.2376,738.24854,-383.99298,565.3041,684.2524,-403.84167,587.68665,679.6432,-403.76328,603.74945,675.62976,-403.9479,504.44186,691.95544,-370.53616,491.58124,694.1332,-370.34265,480.02936,696.8927,-370.35468,648.3794,668.44653,-332.11133,474.7258,700.1309,-179.29558,585.0047,770.1136,-345.3852,523.4471,783.20404,-301.85446,808.74115,833.3437,-231.27007,433.78464,833.8225,-33.52114,882.3353,1141.733,-251.6764,210.21889,1113.6266,-95.55449,517.9255,998.6889,-262.69138,374.06427,1015.42413,-215.1782,462.20383,966.08185,-266.69986,427.2422,1016.3834,-210.76419,473.98615,919.24243,-204.32014,455.77966,919.96326,-158.49875,487.94815,929.5717,-226.14319,453.54016,935.88385,-190.7687,710.14685,1189.6548,-13.053518,543.14355,1183.6605,13.26141,951.5513,1146.6637,-407.4904,279.26517,1078.651,-193.22496,838.1682,1367.2496,-127.12292,436.0629,1351.2366,-0.13507143,774.202,1404.7944,-107.40882,483.3128,1396.4343,7.0502577,923.41254,1531.525,-258.793,313.44455,1492.2001,-136.11981
down_20231003204653.jpg,373.59503,697.29895,-761.598,390.53955,653.66595,-798.3032,402.16937,650.81665,-798.2379,415.9522,646.6777,-798.5869,366.79614,659.1967,-734.25525,361.3019,660.3087,-734.36163,356.02094,661.1412,-734.48737,487.794,641.1296,-761.63385,402.4678,656.7589,-463.04196,408.33237,724.16174,-733.8163,379.7778,728.1611,-647.2659,679.8793,800.3901,-715.73944,388.3231,814.1715,-221.15744,595.9022,1060.8212,-970.196,266.9403,997.37036,-563.9248,324.58093,982.0549,-1123.6901,153.00812,905.6534,-1133.9705,257.7989,969.1087,-1204.5209,108.42327,845.84314,-1225.8109,264.06204,908.80585,-1155.945,118.141975,821.2083,-1211.951,281.50815,919.56476,-1105.4604,130.89526,866.9976,-1147.1575,708.2415,1139.632,-121.90841,550.98236,1131.5867,121.7811,736.2489,1102.8212,-992.8993,314.22592,1003.9906,-283.29465,775.39453,1390.4492,-461.8808,485.56757,1279.7043,56.643223,771.5471,1412.9083,-407.16785,531.1936,1322.5043,90.1899,767.52576,1577.4899,-623.7494,341.17975,1353.9614,-67.38161
down_202310032046531.jpg,486.8664,702.4011,-828.1344,495.89676,661.0514,-858.0408,510.4264,656.0972,-857.9021,527.70764,649.87866,-858.2063,471.54852,667.05896,-805.3162,465.63928,667.563,-805.4837,459.33423,667.72455,-805.63477,584.7086,645.67786,-790.3042,503.27332,663.96606,-544.0858,524.70087,729.08594,-787.663,498.916,736.1146,-716.7218,775.07434,789.2555,-733.2459,481.18512,818.64526,-287.4092,691.0965,1064.8208,-946.80695,346.94977,1049.5441,-628.0352,426.1172,993.3681,-1096.7332,264.1283,930.396,-1164.2646,357.30267,985.53345,-1160.2035,231.74667,858.1148,-1241.2711,347.56473,917.7676,-1112.568,240.30975,831.0228,-1205.5436,361.8024,925.13824,-1075.8723,248.61702,877.54,-1164.5845,808.78064,1134.691,-111.13044,647.5322,1131.4636,110.92345,854.8795,1101.4846,-946.2471,410.53635,1007.598,-208.26059,897.5455,1369.2307,-444.1029,585.15063,1271.0588,132.80171,886.41815,1389.722,-393.5394,634.25543,1311.971,167.77144,880.3467,1561.4027,-610.83,455.23413,1355.8264,43.735523
down_202310032046532.jpg,427.29935,694.00024,-531.39417,444.01154,649.3574,-565.1924,462.6701,645.41626,-564.9978,483.70374,640.2641,-565.0257,408.02948,651.382,-514.3379,397.93848,649.98883,-514.22485,388.09537,648.38513,-514.1685,548.3761,631.87317,-523.0798,423.08844,644.059,-289.5234,469.74335,727.9917,-501.32693,432.7336,729.45953,-433.45096,753.4863,797.50433,-418.9514,372.40228,799.2014,-87.866714,710.364,1120.3105,-441.03174,156.1633,1056.7676,-242.33792,346.2137,995.27014,-477.8665,214.44878,923.65405,-549.45667,270.29297,957.7654,-502.48413,237.86694,891.6544,-568.1328,291.41147,915.8539,-446.70935,262.3437,855.35706,-533.29504,303.61285,915.666,-446.75888,269.34174,862.00995,-539.2278,701.8692,1158.0024,-36.73609,519.9286,1154.0321,37.068405,900.332,1132.1277,-636.0709,273.2292,1027.7699,-152.57765,821.0033,1372.6954,-287.80942,467.37537,1286.9119,74.03613,774.133,1403.2766,-258.0822,517.2439,1326.5342,94.02611,872.12616,1546.0948,-464.96155,328.2105,1397.6914,-36.111904
down_20231003204654.jpg,394.26117,556.45026,-118.85576,402.31326,504.94754,-198.72658,410.1459,502.2246,-198.75343,418.71808,499.23163,-198.98196,395.3155,506.67465,-107.08289,397.61176,504.82425,-107.14978,400.8087,501.94302,-107.14171,479.29297,502.46838,-355.86105,462.6149,498.44458,49.162582,433.8121,591.53845,-166.6603,423.07623,594.7264,-48.68202,618.61816,683.0716,-534.75183,629.358,678.18164,380.2045,277.15543,979.0164,-415.65918,401.85474,922.0209,560.6166,220.72238,769.83514,30.974342,299.36444,810.3248,603.6889,195.63672,711.8403,11.581817,270.42535,746.6243,609.45447,226.13956,699.1303,-34.431614,289.45163,735.4227,634.2362,244.2291,719.5289,23.531464,302.4457,761.56323,608.85913,884.26416,1164.7236,-261.348,847.7698,1107.9908,261.1057,423.5181,1062.3463,-378.0127,456.4484,1005.6061,598.9415,699.12445,1411.054,-177.79202,683.045,1311.0076,755.24146,782.2727,1475.7677,-144.4549,773.9295,1356.9873,773.0006,555.1251,1553.1038,-31.284037,609.15533,1418.3702,859.1356
down_202310032046541.jpg,459.502,565.49066,-141.35388,465.81342,513.3464,-221.14896,473.7229,510.93686,-221.20262,482.47653,508.50958,-221.44733,459.15146,514.08673,-130.75443,461.53287,512.07263,-130.85678,464.78003,509.458,-130.8602,543.2189,511.13403,-380.76642,526.293,507.62466,17.767284,497.76477,598.57874,-190.25154,488.24948,601.93854,-74.03344,676.5266,697.4569,-561.53064,688.9729,684.24945,336.0794,348.44403,982.2156,-415.38678,463.77362,927.87897,519.21204,273.10184,767.2174,63.613316,338.74527,826.7923,532.8495,241.74492,715.03174,46.58505,303.04654,764.2801,528.38513,272.14584,700.2782,-5.2176504,319.89722,749.9008,540.64996,290.3521,720.8039,55.265575,336.2765,769.51355,531.8957,952.0291,1180.8386,-250.51668,919.7763,1120.8829,250.46591,500.26004,1082.0338,-343.48087,523.7264,1016.51227,618.4372,765.8861,1421.9346,-76.66152,763.3373,1307.2073,826.1693,847.0326,1484.3291,-36.91457,845.5077,1337.5743,848.86633,631.37024,1565.8586,98.24242,700.97784,1419.9287,955.3492
down_202310032046542.jpg,383.0339,625.9169,-476.38037,390.08997,577.2219,-534.3998,399.74927,573.887,-534.4698,410.73056,569.6869,-534.7843,375.24347,579.57996,-451.85196,374.12015,578.0907,-451.9733,373.2129,576.0521,-452.0589,484.78012,564.8728,-609.1093,443.2807,566.82983,-239.30962,421.28223,649.97174,-493.86154,406.14352,655.9531,-385.78253,657.3798,743.4424,-689.5645,499.30273,735.4919,7.824156,406.7186,1028.4512,-759.0027,367.62695,907.9869,-116.507614,217.1352,847.4971,-706.92896,212.90677,815.1336,-554.0771,163.99289,803.8894,-793.4875,161.56863,758.19464,-636.9231,186.53629,778.2872,-814.27515,178.15628,744.6333,-640.79047,209.36185,796.6439,-716.0821,203.80054,772.499,-572.9096,865.9628,1127.8478,-190.16791,732.09216,1076.8414,189.70914,560.5091,1102.1809,-659.70026,448.76736,1059.4534,352.0883,761.0607,1392.8862,-214.59901,712.71454,1269.5793,605.95953,826.09863,1425.9143,-158.80988,778.40466,1274.9982,638.0824,676.0086,1562.902,-141.51424,674.3137,1383.7996,693.24274
down_202310032046543.jpg,479.11243,599.51056,-565.98566,487.3559,559.8422,-611.85815,496.85306,554.90906,-611.90356,507.94067,549.56,-612.1947,473.71613,564.1849,-538.33685,472.38837,562.7153,-538.6159,471.4401,560.9103,-538.8178,577.0244,540.61566,-642.2403,538.98145,545.7715,-317.85577,517.27435,626.46405,-568.1104,503.26892,632.8086,-473.64026,762.7911,706.2952,-702.4391,567.04846,710.3401,-111.79056,533.958,1019.1582,-859.26465,446.21692,902.76904,-292.8863,326.34723,832.98004,-929.2987,286.9174,802.911,-787.01904,273.8955,781.08014,-1031.4163,242.31834,746.21655,-881.3932,292.01898,750.17163,-1039.7886,257.8827,728.95026,-891.6031,312.22266,772.64716,-937.0252,278.26492,752.2083,-809.7307,964.75183,1086.6372,-175.3972,813.006,1051.3822,174.98741,655.0866,1030.8335,-694.35583,507.63962,976.05597,253.76929,869.728,1352.826,-322.7597,794.85925,1206.0325,586.6389,935.2544,1391.0369,-277.4446,869.2078,1210.7308,628.4771,800.08795,1532.4156,-350.19702,778.52,1320.354,643.11334
down_20231003204655.jpg,562.865,535.4159,244.12683,555.4648,503.72507,152.66847,548.8172,505.96356,152.5423,542.90015,508.53937,152.22461,573.0145,500.38434,194.59836,581.776,499.66092,194.77217,588.9962,499.89127,194.57747,551.3103,526.96545,-152.81512,626.3738,516.6444,38.551785,561.64453,567.62616,149.34396,584.645,565.9297,204.7624,491.701,707.93835,-360.99042,809.65234,688.9876,9.259788,330.92755,900.2332,-123.23701,876.3491,937.9943,146.36378,351.64178,893.7641,488.421,878.2214,1133.2031,280.31952,358.34976,928.67316,542.2259,858.8923,1203.1703,276.155,389.46017,912.4246,505.6244,851.0205,1207.7885,290.15558,402.31976,915.78815,492.71915,849.2982,1193.7162,284.9583,630.4296,1174.7029,-190.10779,845.52985,1177.3052,188.70172,339.51898,1026.7516,209.25461,737.2643,1138.5782,950.5321,490.67722,1389.608,541.4309,856.34875,1365.9797,1359.1388,540.56494,1473.3306,593.0975,873.57007,1435.9333,1411.5474,354.67126,1436.6152,776.7477,776.6515,1446.955,1615.8645
down_202310032046551.jpg,500.73257,529.5941,97.7493,498.70905,484.92007,-4.020619,497.609,486.48837,-4.0615964,496.26462,488.86658,-4.1466513,511.75348,480.03296,55.88395,519.911,478.37827,55.85375,527.72205,477.578,55.69645,524.6046,503.56473,-291.92297,579.80597,487.53964,-25.017984,519.3542,571.1161,7.1250014,538.94116,565.6349,85.12201,529.96545,699.73004,-517.6205,796.64984,636.73816,96.65605,330.75397,888.5674,-289.77115,846.3196,851.74896,435.27216,381.8899,785.56055,372.88312,704.8602,918.4336,746.09314,384.23914,740.6143,413.13342,676.81305,946.19745,779.9726,419.84204,710.91473,360.68762,662.02246,934.40405,765.52435,434.59164,734.0103,369.85834,667.7865,927.3024,742.7388,724.937,1207.1316,-235.6336,909.19977,1157.1172,234.49826,370.20465,1037.9257,14.54542,591.8087,1052.5438,723.2354,559.62305,1403.0262,85.12259,622.52954,1395.0371,723.7568,632.2068,1489.9502,110.53203,674.8235,1445.5812,724.80176,410.69098,1481.6472,295.21497,502.42328,1491.5186,862.5986
down_202310032046552.jpg,440.9818,578.7565,-78.94701,449.6618,536.1582,-169.16054,455.08875,534.5236,-169.02762,460.9131,533.1352,-169.11633,446.1327,537.0641,-74.715225,448.72754,535.80023,-74.81289,451.98593,534.42206,-74.87462,511.52237,541.15265,-355.87674,504.39178,540.0155,61.33409,471.39816,615.7402,-136.02881,467.61063,617.7942,-14.189429,601.9634,722.07684,-547.9989,681.70905,701.7332,367.03934,243.04901,975.21075,-324.0486,416.82236,953.855,393.38138,321.88748,838.0263,239.50656,325.60382,821.625,253.6003,311.01947,762.52484,246.67694,311.68365,752.6588,230.28581,351.32626,758.09753,179.19394,341.68118,735.7231,259.2485,359.82214,794.7212,229.47969,332.7603,756.64026,256.89862,825.7153,1258.0046,-271.72928,848.30334,1190.1029,271.35907,355.91647,1077.1738,-267.43265,451.46692,1023.4458,577.0735,631.5154,1454.9647,-89.22095,654.77673,1393.6888,566.0371,715.6652,1530.5282,-58.718792,739.56177,1454.7196,566.74445,457.3526,1557.3785,102.12333,589.5003,1509.7902,689.00366
down_202310032046553.jpg,500.09137,529.88556,-103.37028,510.3075,483.50552,-188.23105,516.82806,480.6516,-188.16255,524.2897,477.60516,-188.246,505.1505,484.4442,-94.17229,507.72577,482.238,-94.29527,510.94214,479.66812,-94.33655,582.9235,478.52298,-367.19043,574.68604,479.84763,49.709743,536.8656,565.7924,-160.93733,530.9225,568.3563,-39.51016,664.94135,650.62164,-591.44073,742.13074,637.12384,379.56787,364.06342,925.92883,-393.15588,529.22974,900.7158,424.40353,369.00458,801.2136,238.26408,411.9492,766.67,223.656,360.78857,734.4847,260.16312,386.13934,720.8519,205.53006,398.07907,723.57477,184.35454,401.84308,697.4667,221.24051,409.56244,753.5316,229.5407,414.50076,725.6268,219.59746,929.43994,1181.7509,-295.31366,944.60846,1127.2861,295.18878,468.2855,1006.8558,-390.76035,559.1732,960.0779,630.15356,739.599,1384.027,-187.05743,787.9618,1297.2407,615.2584,824.1723,1449.3264,-156.43007,859.9851,1342.097,609.81647,561.42206,1498.2345,2.3804872,706.41595,1401.0035,732.94464
down_20231003204656.jpg,683.4476,540.4676,536.34973,672.6892,503.37976,438.53278,666.28265,503.3968,438.4173,658.73926,503.71893,438.51346,685.48865,505.32938,442.00443,688.57355,506.48242,441.9109,692.18567,507.9347,441.4619,635.828,523.2304,108.34687,716.5478,532.1327,129.62726,680.3201,571.14484,434.37695,691.5467,573.418,441.13846,516.4872,668.91003,11.564495,808.8314,683.433,-56.78769,426.72754,763.9329,267.2003,901.1675,843.47345,260.52167,452.368,837.9591,737.76575,834.0398,826.88983,878.70154,447.9319,864.0711,813.1953,843.4242,854.25574,973.4982,466.55655,868.99146,818.1961,831.43365,839.995,975.1571,474.87888,849.8661,754.6302,827.90076,837.9892,897.1389,518.32074,1117.8701,47.97254,719.20703,1134.8179,-49.959206,421.63757,938.9254,636.4219,877.2278,934.0574,496.7418,432.1048,1287.1494,564.9364,815.2076,1321.7208,482.27798,419.89227,1351.957,575.8053,795.91113,1394.693,498.94446,431.04974,1304.6185,793.7503,909.5999,1332.4624,755.6101
down_202310032046561.jpg,626.9819,527.622,406.84412,609.0674,497.58978,301.712,597.76605,498.76886,301.5804,586.4778,500.33255,301.392,638.8785,496.87222,315.86026,648.3491,497.67407,316.00803,657.8779,498.88174,315.7114,573.08826,517.4999,-33.27013,674.87177,518.2944,32.81981,612.2497,557.549,307.94125,649.64636,558.5409,327.23248,467.8852,694.2193,-251.2158,811.1939,717.139,-108.85632,380.48,912.78326,-368.31238,864.7175,922.81024,-199.73784,426.27045,951.9515,-382.1356,820.9998,1049.3259,-346.63068,428.64233,969.78595,-432.54822,810.97424,1088.844,-401.89368,455.8815,951.76733,-423.11203,792.3262,1069.7805,-405.68854,463.04886,948.40906,-381.4412,787.38104,1057.1819,-357.09854,510.88626,1134.7329,-54.871067,738.2416,1154.4175,53.236,366.16043,932.1947,784.33167,849.87665,1009.1282,841.4741,399.22958,1265.4185,1055.8853,813.1312,1315.9346,1120.9246,404.599,1322.1387,1097.9161,809.2716,1376.7031,1160.4042,340.66635,1282.5303,1280.9832,849.9332,1395.7938,1331.0122
down_202310032046562.jpg,618.20844,502.7057,303.89233,600.8596,464.6939,201.17847,590.2753,464.41757,201.16226,579.85944,464.8305,200.91034,631.02545,467.2625,216.36626,640.00397,468.19513,216.6344,648.924,469.1773,216.44057,569.06,487.50406,-129.446,666.2561,488.8106,-58.248215,605.2013,534.33203,208.53595,634.4512,535.83453,229.11974,466.6311,655.45844,-285.3799,815.0438,674.4993,-141.37453,375.904,894.1064,-49.98562,885.327,900.3393,29.648567,381.32858,930.65894,356.16177,875.1464,1049.0455,280.36136,380.62567,943.67065,379.96762,897.79895,1102.4979,285.19748,402.82822,925.53033,366.47467,885.2011,1081.7328,310.19955,413.2401,924.35834,362.86005,880.7948,1074.1073,294.4763,551.2162,1087.5645,-69.605034,773.6547,1093.2378,68.392426,374.6723,990.2416,626.1736,785.3026,1017.3218,886.75055,468.76236,1318.3888,1060.3903,812.9204,1279.4874,1373.8997,500.07675,1379.6665,1125.6862,842.5534,1310.3569,1437.2877,401.52344,1344.8364,1326.7157,823.1106,1289.238,1623.4247
down_20231003204657.jpg,746.29425,589.2701,118.89835,732.8922,549.4458,100.721466,725.04156,546.9711,100.60071,715.7394,544.2889,100.45791,742.48193,553.211,37.589848,742.04785,553.67804,37.490242,741.1444,554.1795,37.514683,668.9834,551.8018,96.660675,708.4917,565.2008,-182.89375,720.89813,617.9409,133.68883,731.78314,621.1191,52.348473,495.24213,723.4091,293.88953,709.2179,737.4167,-352.09192,628.7202,876.3239,619.5421,922.4185,917.30237,-163.20087,732.0765,783.9494,951.23804,836.0554,766.9238,396.6147,770.97473,727.7846,1029.5774,828.213,710.0712,424.64825,776.41144,715.71936,1025.5028,802.0017,702.6852,448.7692,749.96454,754.5901,960.2721,796.80225,722.0015,419.49854,444.69128,1159.7657,228.93217,532.6266,1211.0875,-229.0526,695.6332,1014.5834,686.5673,845.22766,1036.3435,-75.189606,632.20264,1335.6614,807.4389,696.6792,1406.6006,37.14373,566.1839,1389.3076,824.84247,645.65894,1455.4683,71.872055,699.9744,1418.3292,948.2186,827.23804,1449.7305,268.76666
down_202310032046571.jpg,701.78955,516.9218,292.05322,689.9364,477.08194,232.35196,680.21326,476.0867,232.27126,670.3998,475.51257,232.26402,707.23914,479.2572,206.10385,709.9147,479.83115,206.00793,712.5701,480.69217,205.8294,638.05,490.25366,50.799194,700.87756,500.25662,-68.27896,681.8696,547.89215,240.84207,700.089,550.16425,207.3175,471.2912,664.4307,121.4077,726.64355,654.97736,-276.0357,441.76068,865.6189,464.18594,904.78467,825.12854,-18.480724,525.0609,902.5011,871.8231,850.95825,760.05096,604.5045,526.7912,928.459,944.47235,837.4358,724.2466,668.29834,537.45416,915.489,938.2915,811.1168,709.5798,670.692,538.94116,907.1484,881.35645,794.25354,706.20557,622.0029,439.31564,1119.3141,179.2855,555.6731,1158.6003,-180.43459,574.49036,1011.82025,795.94495,867.6814,986.8995,231.75125,514.03455,1283.231,917.85223,730.45056,1352.838,529.1747,470.41962,1332.7789,935.4017,682.074,1412.3212,578.00714,579.1912,1344.1943,1075.4324,875.3021,1369.0723,800.3991
down_202310032046572.jpg,671.7376,544.68536,439.9243,654.2411,505.59085,360.57095,643.4504,504.43152,360.46588,632.11273,503.97272,360.52567,673.72363,508.91638,343.43353,677.85333,509.92645,343.39636,681.4946,511.18427,343.04376,602.67114,522.6443,100.11296,670.3624,530.46497,26.560335,658.37695,576.0453,363.02002,675.6509,580.0336,343.14783,448.13043,683.899,-5.8736806,767.00024,694.20654,-142.0126,396.69043,878.1214,153.79843,867.22107,863.92334,80.8276,451.2822,887.15375,448.25745,760.9558,815.26117,614.68115,454.83383,899.423,486.39545,756.9915,816.1087,684.5873,474.968,884.4742,500.67474,728.28674,798.57196,692.5754,479.16763,880.77905,459.6088,725.59216,804.02167,630.6161,446.87302,1124.6959,78.538376,638.26917,1147.3833,-80.01877,344.6588,1020.35706,898.7171,836.65576,958.4639,574.16376,367.02243,1299.5127,994.9833,738.30255,1337.1482,785.8655,366.9519,1366.1646,1026.2542,705.6144,1407.7573,827.9383,370.24307,1320.0876,1254.5,833.37006,1338.677,1096.838
down_20231003204658.jpg,752.29584,548.182,-134.20473,744.59625,512.4444,-106.71101,743.649,511.18204,-106.99108,741.9133,509.5158,-107.19667,734.4178,511.46533,-202.13289,726.02026,509.57712,-202.32613,717.07733,507.48016,-202.28302,684.2789,513.8824,74.62296,663.1516,514.89075,-347.3376,738.08887,583.0669,-55.7243,727.04724,578.7736,-177.98903,545.11786,706.5606,354.01984,546.4185,707.66943,-495.12598,717.99567,864.24054,388.2358,785.0691,932.2666,-419.1953,845.1616,758.46857,216.73576,890.5571,760.7466,17.900978,871.28687,701.83997,205.83951,926.84784,699.87823,-3.0167603,850.2251,684.47314,231.07825,899.7081,687.6634,10.5846,839.92065,708.22205,220.03732,883.9633,709.223,31.484709,330.60178,1095.5782,285.27036,310.09128,1151.1129,-284.4332,650.7309,966.8138,555.77997,701.8203,1009.67596,-285.8995,453.13705,1260.5573,794.5226,481.78006,1335.432,53.76606,386.75665,1288.7064,822.8292,414.05707,1377.161,101.19612,526.1765,1352.4731,890.579,625.2455,1457.8943,208.40381
down_202310032046581.jpg,713.04944,539.77655,-68.503845,703.09265,500.5463,-36.988663,700.5875,499.51993,-37.228394,697.32697,498.11035,-37.380898,696.6732,499.8999,-142.42542,689.4114,498.62387,-142.6051,681.28046,496.87726,-142.55022,634.4316,503.44458,160.77026,624.8298,505.29926,-305.48633,691.7108,576.3734,16.170238,684.8593,573.4341,-119.12124,522.3639,689.36755,456.27594,505.4726,704.61786,-473.4796,746.85486,888.11383,512.9647,781.5073,928.7533,-382.05032,834.694,738.2165,348.86853,856.2256,762.3873,97.27829,853.8113,684.86127,338.36453,886.5913,693.5616,83.667755,836.07794,676.55524,365.02435,853.80383,685.0505,86.52756,824.4219,700.4586,353.3812,840.0928,709.26825,109.558365,324.03375,1087.5719,314.77518,289.08322,1144.934,-314.23987,651.9823,921.2932,561.40015,669.16925,981.58167,-433.0609,478.65994,1229.3148,824.63135,485.87292,1346.2795,-235.26031,458.53668,1273.0128,855.5741,421.277,1400.1531,-204.87473,589.56366,1310.424,910.57227,641.5311,1440.6388,-148.23672
down_202310032046582.jpg,747.6129,594.6936,-90.72343,739.98627,555.8871,-68.48356,736.8749,554.4871,-68.81428,733.1025,552.71136,-69.08281,737.4396,555.7441,-157.85736,732.34973,554.4655,-157.971,726.22076,552.68335,-157.93333,671.46826,553.4955,94.36901,674.02856,555.92267,-303.68552,725.22186,628.23505,-19.684387,720.5365,628.8032,-135.14493,520.0707,739.8896,364.18683,578.3184,739.14594,-476.0702,757.1463,942.0912,389.88644,883.3611,959.63336,-408.54678,833.9511,806.7682,243.57286,881.9783,806.9279,56.116753,855.9324,755.1832,239.9454,896.8611,731.4345,34.38076,834.68536,741.3447,258.31882,850.33875,731.1237,58.486053,821.1897,766.15955,245.25455,890.62366,759.3198,73.58277,343.65717,1173.2217,272.13657,349.32568,1218.2716,-271.53442,712.29486,1014.0684,494.6713,758.6963,1056.7874,-263.30298,545.42236,1359.339,700.80023,550.45264,1422.746,111.874535,477.4454,1427.7638,725.6241,475.40723,1478.7174,168.56274,662.76495,1470.1217,803.7543,694.3588,1512.3542,314.74768
down_202310032046583.jpg,764.50757,589.3109,-5.0847416,758.17773,546.96954,13.941926,754.19995,544.92017,13.7341175,749.00085,542.3857,13.579838,758.5357,546.92303,-73.468864,755.2367,544.95905,-73.64076,751.2185,542.48114,-73.58254,690.48224,537.5643,148.02443,708.53284,541.2607,-247.57669,736.4369,621.39655,55.239048,736.5774,620.7392,-59.565968,537.1127,699.5568,402.19864,620.0688,721.6955,-445.87732,733.016,836.76196,505.6375,913.3606,904.38495,-317.9778,867.14526,797.33997,426.924,888.95984,854.52405,251.66333,888.3499,730.85156,435.62625,913.0393,822.07355,256.86792,862.9645,715.7105,426.00894,884.7826,804.7077,268.39407,866.98517,772.0508,417.66986,891.25684,850.1356,269.29956,400.41458,1153.5637,270.23682,425.788,1195.9323,-269.8187,724.53796,966.2549,566.2488,810.3314,986.84375,-255.36644,634.005,1317.6932,792.7039,661.4796,1357.0911,-40.691185,572.53076,1379.5027,817.1996,606.83887,1434.9387,-4.0897293,776.36096,1375.0988,897.31134,824.28986,1429.0238,98.0257
down_20231003204659.jpg,728.273,555.71155,-649.08386,733.2862,518.8507,-593.8605,738.3667,518.4358,-594.24774,743.002,517.5549,-594.7133,705.29755,519.24023,-665.0538,689.83264,519.10406,-665.1101,672.3547,518.06055,-665.12354,704.10693,535.3517,-331.83868,610.7657,521.51697,-639.62274,724.4015,588.5187,-549.6946,695.58765,586.9385,-638.0901,690.75696,687.3437,-113.616425,450.42017,708.0261,-682.49365,808.5101,907.4821,-401.65738,575.84784,972.9266,-863.03906,878.1367,790.05695,-835.9512,831.3671,843.68445,-852.4236,907.0967,761.0122,-909.728,889.39813,831.6796,-927.04376,911.2031,733.85376,-870.2168,911.8529,794.13403,-877.0443,888.82294,740.437,-835.192,866.6301,794.14667,-831.46265,510.51013,995.56555,162.38335,379.9623,1020.3434,-161.59126,729.0475,891.15955,-232.0536,506.7093,976.0103,-812.35046,587.4255,1132.6741,141.20966,393.86166,1274.8701,-414.0529,542.72296,1164.6466,175.71146,357.28876,1309.5403,-379.71063,706.7529,1200.0254,63.124332,431.7349,1442.2638,-554.06665
down_202310032046591.jpg,753.8559,593.1819,-317.9566,745.69,559.46405,-271.79294,745.3064,558.3829,-272.08295,744.6233,556.87476,-272.27676,733.9855,559.05414,-360.8629,724.59094,557.86096,-360.97104,714.21906,556.31616,-360.8905,694.9099,561.9077,-35.21127,654.6072,563.93396,-428.34933,740.31055,625.20776,-226.31808,728.8528,622.96014,-339.4793,657.3618,723.9244,198.3863,498.25177,728.5221,-550.3722,781.9516,897.90625,-34.145092,681.2668,1015.8054,-562.9175,896.2097,805.19305,-615.1934,834.8613,930.7383,-282.93277,929.44916,757.0027,-697.1996,887.37335,924.8625,-308.0347,918.3666,737.32806,-644.23267,870.85034,869.88385,-311.70428,900.7936,756.1021,-611.41266,850.22046,877.86035,-272.70358,448.21814,1038.789,233.87415,324.29965,1082.9064,-233.37868,713.3093,1033.7462,342.72998,593.44415,1039.258,-698.593,500.92496,1163.8148,549.7141,414.61725,1354.1293,-511.95416,457.33685,1195.532,571.3038,359.62967,1384.8673,-491.09238,547.34973,1235.8083,564.265,505.2323,1494.2029,-543.07385
down_202310032046592.jpg,683.01385,570.54407,-27.89584,675.73,532.83203,2.9109933,674.2272,531.7211,2.5974689,672.301,529.9601,2.3786244,667.45123,530.5769,-97.53969,660.55774,528.3702,-97.727806,653.067,525.5668,-97.76032,615.7064,525.03076,193.5098,599.3291,524.6517,-247.69652,664.50146,603.419,52.785004,655.02124,598.25073,-75.45477,502.30057,722.06506,449.36914,452.03955,678.0923,-414.31915,696.4691,956.65027,358.32208,672.0436,924.1755,-372.22824,797.03827,787.59515,48.251534,821.42566,763.2402,4.981771,816.9992,730.21924,13.875265,853.3948,706.30096,-12.611631,805.8165,709.2361,66.01422,833.2118,695.30743,-8.286577,793.85144,731.28864,59.88815,819.74744,715.2021,17.598202,277.15085,1080.3785,281.82928,204.70457,1120.4703,-281.0575,587.0837,983.685,566.26904,582.597,1040.3577,-407.9079,376.44385,1242.702,834.95447,364.65515,1363.6847,-199.54361,331.29318,1299.2317,867.9757,293.88037,1404.6743,-164.81277,459.49875,1373.967,911.066,487.9339,1479.4948,-105.94886
down_20231003204700.jpg,686.0672,557.8938,-209.10963,705.3344,516.3785,-177.70612,716.38275,516.2057,-177.80875,726.3683,516.13196,-178.09097,671.0623,514.0506,-197.84929,655.96814,512.2287,-197.81152,639.57104,510.73557,-197.8324,728.86804,524.89484,-23.34448,597.02966,519.0806,-108.176125,694.37146,591.13983,-151.93196,661.72656,587.3586,-177.14853,798.44604,685.9641,52.065426,464.78827,681.9739,-45.070595,924.5354,936.60034,8.798245,370.07907,923.2231,-93.604004,742.7035,796.0347,15.702934,626.04346,816.63556,-34.643837,718.826,729.2912,45.066933,666.56366,748.63434,-7.125846,718.5084,714.8621,125.47914,664.40076,734.4543,51.368633,716.1105,738.78705,57.749184,655.9038,753.27527,0.0035701436,696.306,989.85394,11.599539,538.3876,992.083,-11.348171,913.8568,965.07007,-346.438,368.6594,953.08813,-434.028,755.1736,1161.2771,-165.4921,436.74728,1173.5703,-149.6033,705.1903,1194.3392,-155.33484,474.77728,1212.5831,-129.81108,856.2655,1270.3457,-301.8416,353.27332,1299.8544,-282.16043
down_202310032047001.jpg,658.5028,549.723,-420.44418,674.1763,508.37952,-381.58844,685.6029,507.98596,-381.78284,696.32227,507.62366,-381.9479,637.6565,506.76837,-410.83966,619.8426,505.20932,-410.92087,601.12714,504.15448,-411.0367,697.6277,518.8971,-172.03357,557.55566,515.6749,-299.90332,668.6486,584.1445,-340.31104,633.713,583.64734,-377.70465,744.59973,659.07983,-60.78569,437.72812,699.9654,-236.91484,891.7782,886.5951,-195.9813,377.40555,961.25073,-344.38,761.6434,796.76013,-404.48734,625.424,823.65295,-333.09158,729.1282,739.29675,-411.93713,684.52,759.89764,-322.67755,726.5023,709.2558,-336.3189,680.7688,733.75757,-259.94324,722.99146,730.0047,-371.7604,665.02167,756.1471,-295.4536,668.8785,979.9444,38.093987,521.3058,996.5969,-37.772697,895.536,926.5167,-395.6877,358.1169,980.7177,-663.05896,735.09814,1139.1765,-85.43254,435.495,1194.2279,-205.64696,686.8507,1181.4176,-60.425644,461.73657,1226.8315,-164.63953,844.40015,1235.6041,-197.36496,377.31165,1325.0446,-321.41083
down_202310032047002.jpg,669.32104,498.8658,-371.4653,685.1462,454.04245,-325.09918,697.7753,452.47562,-325.3218,708.14685,450.63477,-325.53058,641.90497,453.61078,-357.2513,621.4663,452.08072,-357.34534,601.20776,450.8947,-357.46344,705.51135,460.08026,-110.96198,558.23224,461.87628,-248.60933,684.0997,530.4955,-293.1155,642.0165,533.06976,-333.36215,747.9315,609.23395,16.065947,427.155,673.4407,-217.62228,914.47363,841.3512,-67.41367,419.08337,933.6008,-291.83566,800.2532,691.7173,-161.19505,668.4463,777.1493,-200.42387,786.03754,626.8915,-149.89366,719.0164,723.4891,-179.84229,766.62866,599.4404,-65.07886,711.5801,689.7985,-106.74096,753.8199,622.0808,-124.38223,700.3281,709.392,-157.27548,672.51215,941.17487,55.22509,518.8943,961.35394,-54.5502,891.29,869.50183,-455.62012,395.70593,953.2109,-707.10034,743.42444,1083.1538,-74.01696,451.75876,1166.502,-202.59766,692.9381,1128.4028,-41.787075,478.27612,1192.5216,-156.67734,856.75507,1171.8789,-191.55063,409.82977,1308.2421,-331.22754
down_202310032047003.jpg,648.32605,587.7194,-787.47546,654.3794,554.3186,-723.35626,661.0737,554.87054,-723.6172,667.4283,555.1532,-723.92145,625.4537,552.41943,-784.4825,611.42084,551.9898,-784.6151,594.46875,551.46106,-784.7002,636.19977,562.4116,-420.86734,538.2028,557.4263,-686.4905,648.2639,621.3021,-673.13165,617.6323,618.77234,-749.7129,647.626,712.34424,-179.31764,375.02075,738.79065,-701.8787,779.23645,910.7757,-511.8244,471.34833,1036.0911,-858.17004,806.59454,783.09454,-1022.5759,723.25287,847.1824,-781.69556,831.2802,730.61176,-1096.3789,805.1655,829.4814,-826.79144,815.36914,709.32056,-1029.9617,762.8748,766.1313,-767.3601,801.96173,724.55835,-1011.8367,753.66516,780.51794,-748.98773,520.1521,1035.8096,140.72398,369.70486,1049.1355,-139.79956,729.4251,936.41284,-215.13857,376.6614,1057.1183,-921.5545,576.2459,1177.3866,396.35815,323.42743,1293.808,-360.60168,530.00507,1218.2716,450.9801,323.35107,1318.2983,-313.90875,698.67303,1240.0009,329.42517,325.74927,1443.2529,-551.8572
down_20231003204701.jpg,626.41016,558.882,-342.12354,648.54,523.4852,-310.19788,661.1614,523.5254,-310.28967,671.92053,523.4521,-310.4932,600.94946,523.10114,-308.7972,586.36523,523.70966,-308.854,575.0675,524.6764,-309.1009,693.73157,536.83344,-147.12973,557.16296,540.84705,-136.68001,652.2671,595.12836,-287.2245,600.8875,596.5685,-284.80597,809.16205,704.8252,-96.87443,458.25882,715.5131,-91.77554,896.5698,985.765,-235.56487,305.81348,949.24054,-220.1637,691.58295,839.1234,-330.21756,535.4614,840.4331,-259.2129,642.35535,769.0216,-326.71606,576.1585,780.0984,-248.32198,641.0015,735.7782,-244.16948,580.8227,756.384,-178.45793,652.49133,762.7014,-288.89133,576.45337,775.6823,-222.9104,738.52515,1022.2274,-12.017565,549.912,1016.88837,11.998385,911.8588,1001.04333,-303.0403,353.8628,958.15643,-314.1546,778.6763,1193.3336,-172.46313,465.3947,1183.9602,-140.508,733.1556,1222.9233,-170.4198,504.4757,1224.8689,-135.74629,865.0848,1310.2445,-320.64435,357.23602,1295.2494,-270.35193
